"shape","carat","cut","color","clarity","totaldepth","table","price","width","height","depth"
"Round",1.53,"Very Good","E","VS1",60.7,60,9720.081,7.38,7.52,4.52
"Round",0.71,"Premium","F","SI1",59,61,1645.728,5.88,5.84,3.46
"Round",1.33,"Fair","E","SI2",65,57,3200.316,6.93,6.89,4.49
"Round",1.2,"Premium","I","VS1",59.9,59,4068.75,6.96,6.87,4.14
"Round",1.23,"Premium","I","SI1",60.3,58,3721.767,6.95,6.92,4.18
"Round",0.56,"Ideal","D","SI2",60,58,1020.768,5.42,5.38,3.24
"Round",1,"Very Good","F","VVS1",61.1,57,6425.37,6.36,6.51,3.93
"Round",1.59,"Ideal","I","SI2",61.6,57,5193.678,7.56,7.51,4.64
"Round",1.1,"Ideal","F","VS1",61.5,59,5726.196,6.63,6.58,4.06
"Round",0.33,"Ideal","G","IF",61.6,56,640.584,4.45,4.48,2.75
"Round",0.31,"Ideal","F","VVS1",62.2,53,546.84,4.35,4.37,2.71
"Round",1.5,"Premium","I","VS2",62.9,58,5741.82,7.17,7.08,4.48
"Round",0.7,"Ideal","F","SI1",62.7,57,1637.265,5.66,5.7,3.56
"Round",0.31,"Ideal","D","SI1",62.6,57,371.721,4.3,4.33,2.7
"Round",0.9,"Good","I","VVS1",63.9,63,2435.391,6.04,6.07,3.87
"Round",1.2,"Ideal","D","SI1",62.7,55,5052.411,6.71,6.79,4.23
"Round",1.02,"Ideal","H","VVS2",62.1,55,4424.847,6.5,6.46,4.02
"Round",0.42,"Ideal","E","VS2",62.1,56,623.658,4.77,4.8,2.97
"Round",0.77,"Ideal","H","VS2",62,56,1798.713,5.89,5.86,3.64
"Round",1.88,"Very Good","I","VS2",62.2,57,8858.157,7.79,7.86,4.87
"Round",2.11,"Ideal","I","SI1",61,57,10081.386,8.37,8.29,5.08
"Round",0.61,"Very Good","D","SI1",58.5,58,1190.028,5.54,5.64,3.27
"Round",1.5,"Premium","H","VS1",59.9,60,7284.039,7.44,7.39,4.44
"Round",0.5,"Ideal","H","VVS1",61.9,54,1072.848,5.13,5.14,3.18
"Round",0.31,"Ideal","D","VS2",62.2,57,613.242,4.34,4.31,2.69
"Round",0.3,"Ideal","G","VVS2",61.9,57,423.15,4.3,4.33,2.66
"Round",0.31,"Ideal","H","IF",61.3,56,513.639,4.37,4.41,2.69
"Round",1.03,"Ideal","F","VS1",62.1,55,5318.019,6.47,6.5,4.03
"Round",1.02,"Very Good","F","SI2",61.1,62,2593.584,6.49,6.54,3.98
"Round",1.2,"Ideal","H","VS2",62.6,56,4287.486,6.76,6.73,4.22
"Round",0.41,"Ideal","D","SI1",60.5,57,484.344,4.81,4.85,2.92
"Round",0.3,"Very Good","G","VVS1",61.9,59,513.639,4.28,4.31,2.66
"Round",0.65,"Ideal","E","VVS2",62.1,57,1967.973,5.55,5.6,3.46
"Round",1.86,"Ideal","J","VS2",62.6,56,6713.112,7.95,7.87,4.95
"Round",0.42,"Very Good","F","VS1",60.9,58,592.41,4.84,4.88,2.96
"Round",0.5,"Premium","F","VS1",62,58,1196.538,5.1,5.03,3.14
"Round",0.3,"Good","E","VVS2",59.5,59,404.922,4.35,4.39,2.6
"Round",0.51,"Ideal","D","VS2",62.7,55,1163.337,5.09,5.12,3.2
"Round",1.08,"Ideal","I","SI1",61.4,57,2835.105,6.67,6.62,4.08
"Round",0.3,"Premium","D","VS2",62.9,59,593.061,4.27,4.22,2.67
"Round",0.42,"Very Good","H","SI1",62,59,455.7,4.76,4.79,2.96
"Round",0.7,"Very Good","E","SI2",62,59,1473.213,5.61,5.68,3.5
"Round",1.11,"Premium","H","VS2",62.6,58,3763.431,6.63,6.59,4.14
"Round",0.54,"Ideal","F","IF",62.2,54,1776.579,5.24,5.27,3.27
"Round",1.01,"Fair","H","VS1",66.1,55,2632.644,6.28,6.24,4.14
"Round",0.32,"Ideal","I","VS1",61.7,55.6,344.379,4.41,4.43,2.73
"Round",1.53,"Premium","E","SI1",62.6,57,8136.849,7.41,7.25,4.59
"Round",1.26,"Ideal","H","VS1",61.4,56,5006.841,7.01,6.97,4.29
"Round",0.31,"Good","E","SI1",63.5,57,354.144,4.28,4.32,2.73
"Round",0.34,"Ideal","E","VS1",62,56,672.483,4.52,4.48,2.79
"Round",0.6,"Premium","D","SI1",62.8,61,1371.006,5.41,5.33,3.37
"Round",1.25,"Premium","I","SI2",61,60,3281.04,6.98,6.93,4.24
"Round",0.34,"Ideal","G","VVS2",61.6,56,647.745,4.49,4.47,2.76
"Round",0.51,"Ideal","D","VS1",62.5,57,1219.323,5.13,5.08,3.19
"Round",0.73,"Premium","E","VS2",62.5,61,1863.162,5.78,5.64,3.59
"Round",2.74,"Fair","J","I1",64.9,61,5733.357,8.76,8.66,5.65
"Round",0.4,"Ideal","F","SI1",61.9,57,451.794,4.71,4.76,2.93
"Round",0.35,"Ideal","F","SI1",62.2,56,486.948,4.52,4.48,2.8
"Round",0.72,"Very Good","G","VVS2",60.4,58,1980.993,5.77,5.82,3.5
"Round",2.23,"Premium","I","VS2",61.2,58,11814.999,8.43,8.36,5.14
"Round",1.01,"Very Good","I","SI1",63.5,59,2872.212,6.36,6.31,4.02
"Round",0.72,"Ideal","D","SI1",61.9,55,1923.054,5.75,5.78,3.57
"Round",1.6,"Premium","G","SI1",62.2,58,7763.826,7.5,7.44,4.65
"Round",0.72,"Ideal","E","VVS2",61.7,55,3207.477,5.76,5.78,3.56
"Round",0.42,"Ideal","E","VS2",62.2,55,666.624,4.83,4.79,2.99
"Round",0.6,"Ideal","H","SI1",61.4,55,1149.666,5.46,5.49,3.36
"Round",0.35,"Good","E","SI2",63.9,55,410.13,4.5,4.48,2.87
"Round",1.22,"Very Good","H","SI1",62.5,59,4116.273,6.79,6.82,4.25
"Round",0.59,"Ideal","E","VVS2",62,55,1797.411,5.38,5.43,3.35
"Round",0.5,"Premium","E","VS2",60.6,59,1076.754,5.17,5.06,3.1
"Round",1.23,"Premium","F","VVS2",58.5,59,7059.444,7.07,6.98,4.11
"Round",0.9,"Ideal","E","VS2",62.7,56,3105.27,6.14,6.18,3.86
"Round",0.24,"Ideal","F","IF",61,57,441.378,4.04,4.07,2.47
"Round",0.31,"Premium","E","VS2",62.6,58,442.68,4.29,4.33,2.7
"Round",1.5,"Premium","I","VS2",62.3,58,5741.82,7.31,7.26,4.54
"Round",0.82,"Fair","H","SI1",64.9,58,1990.107,5.82,5.77,3.76
"Round",0.7,"Fair","G","I1",67.3,57,622.356,5.53,5.38,3.68
"Round",0.24,"Ideal","E","VVS1",60.2,57,441.378,4.02,4.07,2.44
"Round",0.32,"Premium","F","VS2",61.1,58,539.028,4.42,4.39,2.69
"Round",0.7,"Ideal","G","VS2",62.3,57,1772.673,5.66,5.7,3.54
"Round",0.33,"Ideal","E","VS1",62.3,53.8,501.921,4.42,4.44,2.76
"Round",0.31,"Good","I","VS1",63.2,56,318.339,4.28,4.33,2.72
"Round",0.3,"Ideal","E","VVS1",61.2,58,545.538,4.28,4.31,2.63
"Round",0.53,"Ideal","G","VVS2",60.4,59,1266.846,5.26,5.3,3.19
"Round",0.51,"Ideal","G","VS1",61.7,56,1085.868,5.1,5.2,3.18
"Round",0.36,"Ideal","I","VS1",62.1,57,474.579,4.58,4.54,2.83
"Round",0.31,"Ideal","E","VVS1",61.7,56,601.524,4.33,4.36,2.68
"Round",0.43,"Good","J","SI2",63.7,57,409.479,4.79,4.76,3.04
"Round",0.71,"Ideal","E","SI1",62.8,53,1700.412,5.67,5.7,3.57
"Round",0.37,"Fair","F","SI1",65.3,56,343.077,4.53,4.47,2.94
"Round",0.72,"Ideal","E","SI1",60.9,57,1572.816,5.83,5.86,3.56
"Round",1.07,"Premium","J","VS2",62.8,57,2749.824,6.54,6.49,4.09
"Round",0.5,"Very Good","E","VVS2",62,55,1370.355,5.08,5.11,3.16
"Round",1.51,"Premium","I","VS2",59.9,60,6516.51,7.42,7.36,4.43
"Round",0.35,"Ideal","H","VS1",62,56,399.714,4.54,4.56,2.82
"Round",1.5,"Premium","G","VS1",60.2,58,8931.72,7.41,7.38,4.45
"Round",0.71,"Very Good","G","VS1",63.5,56,1541.568,5.67,5.63,3.59
"Round",0.9,"Premium","D","SI2",61,61,2156.112,6.17,6.15,3.76
"Round",1.27,"Very Good","H","SI2",60.6,59,3720.465,6.97,7,4.23
"Round",0.9,"Ideal","F","SI1",61.7,57,3031.707,6.25,6.2,3.84
"Round",0.57,"Ideal","E","VVS2",62,57,1592.997,5.29,5.33,3.29
"Round",0.76,"Premium","H","SI1",60.9,59,1246.665,5.91,5.86,3.58
"Round",0.82,"Premium","I","IF",61.2,60,2098.824,6.03,5.99,3.68
"Round",0.31,"Ideal","E","VS2",61.9,55,567.672,4.39,4.36,2.71
"Round",0.77,"Premium","F","VS1",60.9,60,1861.209,5.91,5.88,3.59
"Round",0.7,"Fair","E","VS1",64.5,57,1929.564,5.59,5.55,3.59
"Round",0.8,"Ideal","I","VS2",61.6,58,1696.506,5.99,6.03,3.7
"Round",0.9,"Good","H","SI1",60.5,64,2034.375,6.18,6.11,3.72
"Round",0.49,"Very Good","D","SI1",58.6,60,764.274,5.14,5.2,3.03
"Round",0.55,"Very Good","I","VS2",58.5,62.2,803.985,5.39,5.4,3.16
"Round",1.51,"Very Good","G","VS1",63.3,53,8990.961,7.33,7.26,4.62
"Round",1,"Good","G","VS2",63,58,3725.673,6.25,6.35,3.97
"Round",1.2,"Very Good","G","SI2",61.5,58,2892.393,6.83,6.85,4.21
"Round",0.52,"Ideal","F","IF",61.7,57,1779.183,5.13,5.17,3.18
"Round",0.43,"Very Good","H","VS2",63.4,55,647.094,4.82,4.86,3.07
"Round",1.53,"Good","E","SI2",57.1,56,4975.593,7.69,7.65,4.38
"Round",1.04,"Premium","I","SI2",61.6,58,2286.312,6.58,6.47,4.02
"Round",0.55,"Ideal","E","SI2",62,56,828.723,5.27,5.22,3.25
"Round",1.39,"Very Good","I","VS1",62.2,57,5138.343,7.17,7.1,4.44
"Round",1.53,"Premium","H","VS2",60.1,58,7217.637,7.6,7.57,4.71
"Round",0.92,"Premium","F","SI1",62.1,60,2877.42,6.22,6.21,3.86
"Round",0.9,"Ideal","H","VS1",62.2,56,3399.522,6.16,6.18,3.84
"Round",0.32,"Premium","E","VVS1",60.8,59,679.644,4.45,4.43,2.7
"Round",2.02,"Premium","J","VS2",62,59,8991.612,8.08,8.06,5
"Round",0.68,"Premium","F","VVS2",61.7,57,1857.954,5.67,5.64,3.49
"Round",0.31,"Premium","I","VS2",61.1,58,283.185,4.36,4.38,2.67
"Round",1.2,"Ideal","I","I1",61.9,56,2281.755,6.82,6.85,4.23
"Round",0.73,"Ideal","D","SI1",62.4,53,2044.14,5.82,5.79,3.62
"Round",0.57,"Ideal","D","SI1",61.4,55,1096.284,5.34,5.35,3.28
"Round",0.31,"Very Good","F","SI1",62.9,57,335.916,4.31,4.34,2.72
"Round",1.55,"Ideal","I","VS1",61.9,55,7075.719,7.43,7.46,4.61
"Round",0.5,"Very Good","F","SI1",63.2,57,794.22,5.03,5.06,3.19
"Round",1.2,"Very Good","I","SI1",63.1,59,3281.04,6.7,6.67,4.22
"Round",1.51,"Very Good","I","VS2",60.4,58,5974.878,7.36,7.42,4.46
"Round",1.11,"Premium","H","VS2",61.1,59,4249.077,6.66,6.63,4.06
"Round",1.01,"Very Good","D","VVS2",63,56,7030.8,6.35,6.41,4.02
"Round",0.26,"Very Good","F","VS2",62.4,58,294.903,4.06,4.08,2.54
"Round",1.01,"Premium","D","SI1",62,60,4020.576,6.4,6.37,3.96
"Round",1.54,"Ideal","G","VVS2",62,54,10035.165,7.36,7.43,4.59
"Round",0.38,"Premium","D","VS1",62.4,59,694.617,4.6,4.63,2.88
"Round",0.44,"Ideal","D","VVS1",61,57,1490.79,4.91,4.93,3
"Round",0.71,"Very Good","F","VS2",62.8,57,1807.827,5.64,5.69,3.56
"Round",0.3,"Premium","H","VS1",60,60,374.976,4.4,4.3,2.61
"Round",0.78,"Very Good","F","SI1",62.4,55,2126.817,5.85,5.89,3.66
"Round",0.4,"Ideal","G","VS1",61.3,55,570.927,4.75,4.78,2.92
"Round",1.71,"Very Good","H","SI1",59.5,59,8326.941,7.78,7.81,4.64
"Round",1.54,"Ideal","G","VS2",60.6,57,8958.411,7.55,7.49,4.56
"Round",0.83,"Ideal","I","SI2",61.2,59,1591.044,6.03,6.06,3.7
"Round",0.35,"Very Good","H","VVS2",62.5,58,459.606,4.48,4.51,2.81
"Round",0.38,"Ideal","E","VS1",62.6,53.5,637.329,4.61,4.66,2.9
"Round",1.01,"Ideal","F","VS1",62.2,57,4636.422,6.38,6.48,4
"Round",1.33,"Premium","G","SI2",60.3,58,4273.815,7.16,7.19,4.33
"Round",0.3,"Premium","G","SI2",62.3,59,329.406,4.29,4.25,2.66
"Round",2.16,"Ideal","I","SI1",62,56,11736.879,8.28,8.3,5.14
"Round",0.31,"Ideal","G","SI2",62,54,283.836,4.38,4.42,2.73
"Round",1.01,"Very Good","D","SI1",63.3,57,3659.922,6.33,6.37,4.02
"Round",0.33,"Ideal","G","VS1",62.1,55,555.954,4.46,4.43,2.76
"Round",0.7,"Good","I","VS2",57.5,62,1476.468,5.81,5.78,3.33
"Round",0.32,"Ideal","H","VVS1",62.2,56,475.23,4.37,4.38,2.72
"Round",1.01,"Premium","F","SI2",62.8,57,2693.187,6.31,6.24,3.94
"Round",0.34,"Premium","E","SI2",59.9,59,398.412,4.57,4.55,2.73
"Round",0.25,"Premium","E","VS1",61.5,60,283.185,4.02,4.04,2.48
"Round",1,"Good","G","VS2",59.9,57,3689.217,6.45,6.51,3.88
"Round",0.56,"Ideal","F","VS2",62.1,57,1121.673,5.28,5.29,3.28
"Round",1.11,"Ideal","E","SI2",61.2,55,3488.058,6.72,6.68,4.1
"Round",0.56,"Ideal","G","SI1",61.2,54,1063.083,5.36,5.32,3.27
"Round",0.35,"Ideal","J","IF",61.8,55,370.419,4.54,4.56,2.81
"Round",0.71,"Premium","D","VS2",62.5,60,1803.27,5.65,5.61,3.52
"Round",1.06,"Very Good","H","SI1",59.1,58,3286.248,6.66,6.71,3.95
"Round",0.3,"Very Good","D","VS1",60.1,55,561.813,4.37,4.4,2.63
"Round",1,"Premium","I","VS2",62.7,62,2550.618,6.32,6.27,3.95
"Round",0.53,"Premium","G","VS1",60.1,58,1180.263,5.32,5.27,3.18
"Round",0.27,"Ideal","D","VVS1",61.7,57,381.486,4.16,4.2,2.58
"Round",0.3,"Very Good","E","SI1",62.1,60,342.426,4.27,4.29,2.66
"Round",1.08,"Premium","G","VS1",63,59,4897.473,6.56,6.5,4.11
"Round",0.71,"Premium","E","SI2",62.2,57,1553.286,5.74,5.68,3.55
"Round",1.01,"Fair","G","SI2",65.1,58,2253.111,6.29,6.21,4.07
"Round",0.62,"Premium","G","VS2",60.9,59,1198.491,5.52,5.48,3.35
"Round",0.72,"Ideal","I","VVS1",61.3,57,1743.378,5.77,5.75,3.53
"Round",0.58,"Very Good","E","SI1",63.1,56,1068.291,5.36,5.32,3.37
"Round",1,"Premium","E","VS1",61.4,58,4830.42,6.44,6.42,3.95
"Round",0.55,"Ideal","F","VS2",61.6,56,1218.021,5.31,5.29,3.27
"Round",1.26,"Premium","J","SI1",61.8,58,3307.08,6.91,6.88,4.26
"Round",1.22,"Premium","E","SI2",61.5,58,3984.771,6.86,6.84,4.21
"Round",0.72,"Very Good","J","VS1",62.7,58,1294.188,5.67,5.72,3.57
"Round",0.3,"Very Good","G","VVS2",62.3,59,445.284,4.25,4.29,2.66
"Round",0.52,"Premium","E","SI1",62.3,59,1026.627,5.16,5.08,3.19
"Round",0.31,"Ideal","G","IF",61.7,56,601.524,4.34,4.38,2.69
"Round",0.9,"Premium","H","VVS2",62,58,2835.105,6.16,6.13,3.81
"Round",1.11,"Premium","H","SI1",62.8,61,3460.065,6.63,6.56,4.14
"Round",0.7,"Ideal","H","VS2",62.4,58,1581.279,5.67,5.71,3.55
"Round",0.51,"Ideal","G","VVS2",61.6,56,1285.074,5.17,5.12,3.17
"Round",0.9,"Premium","I","SI1",63,60,2198.427,6.08,5.99,3.8
"Round",0.5,"Very Good","H","VS2",61.8,63,766.878,5.08,5.05,3.13
"Round",0.4,"Ideal","I","VVS2",62,56,807.24,4.74,4.77,2.95
"Round",1.03,"Very Good","G","VS1",60.7,58,4314.828,6.5,6.55,3.96
"Round",0.36,"Premium","F","VS2",62,59,525.357,4.56,4.51,2.81
"Round",1.03,"Ideal","D","SI1",61,57,3778.404,6.48,6.53,3.97
"Round",0.7,"Fair","G","VS2",66.5,57,1676.325,5.4,5.46,3.61
"Round",0.73,"Very Good","F","VS2",58.9,60,1629.453,5.9,5.81,3.45
"Round",0.52,"Ideal","G","VVS2",61.7,55,1244.061,5.19,5.22,3.21
"Round",1.5,"Premium","H","SI2",62.3,60,5526.99,7.22,7.3,4.52
"Round",0.34,"Fair","E","VVS1",54,56,658.812,4.8,4.76,2.58
"Round",0.59,"Ideal","E","SI1",62.4,55,1164.639,5.39,5.34,3.35
"Round",1.6,"Ideal","G","VS1",62,57,6416.256,7.47,7.43,4.62
"Round",2.01,"Ideal","F","SI2",62.2,56,11117.778,8.05,8.08,5.02
"Round",1.01,"Very Good","F","VS1",59.4,58,4191.789,6.46,6.54,3.86
"Round",0.54,"Ideal","H","VVS2",61.1,56,1104.096,5.23,5.28,3.21
"Round",0.41,"Ideal","G","VVS1",61.8,55,749.301,4.76,4.78,2.95
"Round",1.01,"Very Good","E","VS2",60.4,58,4339.566,6.47,6.51,3.92
"Round",1.01,"Premium","G","VS2",62.4,58,3905.349,6.38,6.41,3.99
"Round",1,"Ideal","E","SI1",62.8,54.2,3728.928,6.32,6.4,4.01
"Round",1.62,"Premium","J","SI2",61.8,59,3357.207,7.48,7.44,4.61
"Round",0.32,"Ideal","I","IF",60.8,54,562.464,4.47,4.44,2.71
"Round",1.02,"Premium","E","SI1",59.2,56,3681.405,6.63,6.57,3.91
"Round",0.26,"Ideal","H","VVS1",61.2,56,304.668,4.11,4.16,2.53
"Round",0.53,"Premium","F","SI1",61.4,58,861.924,5.19,5.17,3.18
"Round",1.01,"Very Good","H","VS2",61,63,3228.309,6.38,6.41,3.9
"Round",2.17,"Good","H","SI2",58.9,62,10439.436,8.48,8.52,5.01
"Round",0.4,"Very Good","E","VS1",62.9,56,624.309,4.67,4.71,2.95
"Round",1,"Good","D","VS2",64.1,58,4159.239,6.24,6.33,4.03
"Round",0.3,"Good","H","VVS2",63.1,60,393.855,4.24,4.28,2.69
"Round",1.04,"Premium","I","I1",61.6,61,1868.37,6.47,6.45,3.98
"Round",0.9,"Very Good","I","VS2",62.8,52,2450.364,6.19,6.23,3.9
"Round",1.29,"Ideal","G","VVS2",62.4,57,7035.357,6.97,6.94,4.34
"Round",0.31,"Ideal","G","VS1",62.7,57,352.842,4.31,4.34,2.71
"Round",0.4,"Ideal","E","VS1",62.1,55,584.598,4.75,4.79,2.96
"Round",1.23,"Premium","G","VVS2",59.6,59,5840.121,6.98,6.95,4.15
"Round",0.3,"Premium","G","VVS1",62.1,61,659.463,4.3,4.27,2.66
"Round",0.81,"Very Good","F","VS1",62.7,56,2401.539,5.92,5.98,3.73
"Round",0.7,"Very Good","J","SI1",58.4,62,1195.236,5.85,5.87,3.42
"Round",1.17,"Ideal","G","VS1",61.8,57,5623.989,6.76,6.8,4.19
"Round",0.71,"Premium","G","SI2",62.1,58,1437.408,5.72,5.68,3.54
"Round",0.93,"Premium","E","I1",62.3,60,1708.224,6.2,6.23,3.87
"Round",1.08,"Very Good","F","SI2",63.3,59,2712.717,6.48,6.44,4.09
"Round",0.38,"Premium","J","VS1",62.1,60,501.27,4.64,4.6,2.87
"Round",1.01,"Good","H","VS2",63.1,59,3363.066,6.3,6.34,3.99
"Round",0.3,"Premium","G","VVS2",61.2,58,571.578,4.34,4.32,2.65
"Round",0.9,"Premium","F","SI2",61.6,58,2250.507,6.23,6.15,3.81
"Round",1.01,"Ideal","H","VS1",62.6,57,3760.827,6.37,6.4,4
"Round",0.76,"Ideal","D","VVS2",62.3,57,2701.65,5.87,5.84,3.65
"Round",1.06,"Premium","D","VS2",62.3,59,4909.191,6.48,6.52,4.05
"Round",0.35,"Ideal","F","VS2",62.5,57,589.806,4.53,4.5,2.82
"Round",1.09,"Ideal","F","SI2",61.6,54,2527.182,6.69,6.62,4.1
"Round",0.76,"Ideal","G","VS2",61.3,56,1811.082,5.9,5.94,3.63
"Round",0.91,"Good","F","SI1",63.7,58,2554.524,6.09,6.02,3.86
"Round",0.57,"Ideal","F","SI2",62.7,56,932.232,5.32,5.27,3.32
"Round",1.01,"Premium","H","SI1",61.8,61,2937.963,6.47,6.4,3.98
"Round",0.31,"Premium","H","VS1",59.7,58,354.144,4.41,4.43,2.64
"Round",1.15,"Premium","G","SI1",63,59,3504.984,6.68,6.63,4.19
"Round",0.92,"Very Good","D","SI2",62.5,59,2352.063,6.2,6.24,3.89
"Round",0.3,"Premium","G","VVS2",61.2,59,571.578,4.35,4.31,2.65
"Round",1.01,"Premium","F","VS2",61.3,61,4082.421,6.38,6.34,3.9
"Round",0.31,"Premium","F","VVS1",59.7,59,669.228,4.49,4.45,2.67
"Round",1.5,"Premium","E","VVS2",58.7,61,11501.217,7.49,7.36,4.36
"Round",0.7,"Very Good","G","VS2",63.3,56,1604.064,5.59,5.66,3.56
"Round",1,"Ideal","G","VS2",62.3,54,4083.072,6.42,6.38,3.99
"Round",0.4,"Premium","I","VVS1",60.8,58,703.08,4.78,4.76,2.9
"Round",0.53,"Good","F","VVS2",62.5,65,1484.931,5.11,5.17,3.21
"Round",0.4,"Good","J","VS2",64,57,384.741,4.67,4.7,3
"Round",0.51,"Good","E","SI1",63.6,59,807.891,5.13,5.06,3.24
"Round",1,"Very Good","F","SI2",61.7,58,2466.639,6.32,6.36,3.91
"Round",0.7,"Ideal","D","VS2",61.5,56,2036.979,5.7,5.74,3.52
"Round",2.01,"Ideal","J","SI1",62.1,56,7843.248,8.08,8.03,5
"Round",1.08,"Premium","G","SI1",59.4,60,3283.644,6.7,6.63,3.96
"Round",1.21,"Premium","D","SI2",62.5,57,4234.755,6.79,6.71,4.22
"Round",0.31,"Ideal","G","IF",62.1,56,567.021,4.31,4.34,2.69
"Round",1.01,"Premium","H","SI1",61.9,57,3221.799,6.49,6.4,3.99
"Round",0.28,"Very Good","G","VVS1",60.7,56,381.486,4.27,4.29,2.6
"Round",1.1,"Very Good","G","VVS1",60.4,57,5679.324,6.7,6.77,4.07
"Round",2.01,"Fair","G","SI2",65,60,8932.371,7.8,7.73,5.05
"Round",0.4,"Premium","H","VVS2",60.9,58,570.927,4.74,4.79,2.9
"Round",0.36,"Ideal","F","IF",61.4,56,692.013,4.57,4.61,2.82
"Round",0.31,"Very Good","F","VVS1",61.3,56,526.008,4.35,4.37,2.67
"Round",0.3,"Very Good","E","VS2",62.4,57,428.358,4.24,4.26,2.65
"Round",0.41,"Ideal","F","VVS1",61.3,56,651.651,4.8,4.82,2.95
"Round",1,"Very Good","G","VS2",61.1,55,5040.693,6.44,6.5,3.95
"Round",0.3,"Ideal","D","SI1",62,53,341.124,4.33,4.35,2.69
"Round",0.4,"Very Good","G","SI1",61.9,55,443.982,4.71,4.75,2.93
"Round",1.34,"Ideal","I","VS1",62.2,57,4567.416,7.02,7.06,4.38
"Round",0.3,"Premium","D","VS2",61.7,59,462.21,4.25,4.28,2.63
"Round",1.73,"Premium","G","VS1",62.8,57,9863.301,7.72,7.57,4.8
"Round",0.93,"Ideal","I","SI1",62,57,1898.967,6.22,6.26,3.87
"Round",1.19,"Ideal","H","VS2",62,54,4969.083,6.79,6.83,4.22
"Round",0.41,"Premium","F","VVS2",60.1,58,725.865,4.79,4.83,2.89
"Round",0.52,"Very Good","D","VS2",60.6,56,1186.122,5.22,5.25,3.17
"Round",0.3,"Ideal","G","IF",62.1,55,561.813,4.32,4.35,2.69
"Round",2.16,"Premium","H","SI2",59.7,60,10676.4,8.38,8.3,4.98
"Round",0.34,"Ideal","D","VVS1",61.7,57,788.361,4.52,4.49,2.78
"Round",0.39,"Ideal","G","VS1",62,55,656.208,4.66,4.71,2.9
"Round",0.27,"Ideal","E","VVS2",61.8,57,520.149,4.16,4.12,2.56
"Round",1.37,"Ideal","G","VVS2",62.3,55.5,7946.757,7.05,7.14,4.43
"Round",0.5,"Very Good","G","SI1",62.8,55,761.67,5.03,5.07,3.17
"Round",1.08,"Ideal","H","VS2",60.3,57,4173.561,6.67,6.7,4.03
"Round",0.92,"Premium","E","SI1",62.2,58,2969.862,6.18,6.23,3.86
"Round",0.52,"Premium","G","SI1",62.7,58,813.099,5.13,5.07,3.2
"Round",0.71,"Ideal","F","VS1",61.4,57,2415.21,5.72,5.73,3.52
"Round",0.3,"Very Good","I","VVS1",63.1,57,461.559,4.29,4.27,2.7
"Round",1.59,"Premium","J","SI1",62.5,60,5101.236,7.46,7.42,4.65
"Round",1.5,"Fair","I","I1",65.1,59,3281.04,7.12,6.96,4.58
"Round",0.36,"Ideal","G","VVS1",62.1,56,615.195,4.6,4.58,2.85
"Round",1.03,"Ideal","G","SI1",60.8,57,3680.103,6.52,6.47,3.95
"Round",1.51,"Premium","I","SI2",60.4,56,4932.627,7.4,7.36,4.46
"Round",0.26,"Ideal","E","VVS2",62,56,389.949,4.1,4.13,2.55
"Round",1.21,"Very Good","F","VVS2",61,58,7457.205,6.89,6.92,4.21
"Round",1.6,"Premium","I","VS1",58.6,58,7174.671,7.72,7.66,4.51
"Round",2.02,"Very Good","H","SI1",59.3,60,11871.636,8.14,8.21,4.85
"Round",0.31,"Premium","H","IF",61,58,680.946,4.38,4.34,2.66
"Round",1,"Ideal","G","VVS2",59.8,54,5133.135,6.58,6.54,3.92
"Round",0.55,"Ideal","G","VVS1",61.5,55,1609.923,5.28,5.26,3.24
"Round",0.91,"Ideal","E","VS2",62.1,55,2654.127,6.17,6.14,3.82
"Round",1.03,"Ideal","G","VS1",62.3,56,4468.464,6.5,6.46,4.04
"Round",1.01,"Ideal","F","VS1",60.7,57,5072.592,6.52,6.49,3.95
"Round",0.72,"Ideal","I","VVS2",61.5,58,1688.694,5.78,5.79,3.56
"Round",1.06,"Good","F","VS1",58.5,57,5012.049,6.68,6.73,3.92
"Round",1,"Premium","H","SI1",62.4,59,3135.216,6.42,6.37,3.99
"Round",0.97,"Very Good","I","VS2",62.2,55.9,2615.718,6.34,6.29,3.94
"Round",0.31,"Premium","F","VS2",59,59,406.875,4.44,4.47,2.63
"Round",0.55,"Ideal","F","VS1",62,55,1224.531,5.26,5.29,3.27
"Round",1.55,"Ideal","D","VS2",60.1,58,10315.095,7.56,7.54,4.54
"Round",1.02,"Fair","F","SI1",64.8,59,3421.005,6.33,6.23,4.07
"Round",1.03,"Premium","E","VVS2",59.7,56,5992.455,6.64,6.56,3.94
"Round",0.36,"Good","E","IF",57.7,54,685.503,4.74,4.79,2.75
"Round",0.92,"Fair","F","SI1",66,57,2163.273,6.04,5.99,3.97
"Round",0.56,"Very Good","F","VVS1",61.7,56,1510.971,5.26,5.3,3.26
"Round",0.9,"Good","E","SI1",60.7,63,2716.623,6.07,6.13,3.7
"Round",0.71,"Premium","E","SI2",62.6,58,1594.95,5.7,5.67,3.56
"Round",0.32,"Ideal","I","VS1",60.9,56,421.848,4.46,4.44,2.71
"Round",0.9,"Ideal","H","SI1",61.5,57,2372.244,6.17,6.23,3.81
"Round",0.6,"Premium","D","SI2",62.3,59,943.299,5.41,5.31,3.34
"Round",0.45,"Good","G","VVS1",64,57,816.354,4.86,4.82,3.1
"Round",0.7,"Good","E","SI2",63.7,55,1585.185,5.63,5.58,3.57
"Round",0.57,"Premium","F","SI2",60.4,58,811.797,5.4,5.37,3.25
"Round",0.7,"Premium","F","SI2",58.8,58,1454.334,5.82,5.77,3.41
"Round",1,"Very Good","F","VVS1",63,56,5213.208,6.32,6.37,4
"Round",1.14,"Premium","I","VS1",60.3,57,3351.348,6.83,6.81,4.11
"Round",0.33,"Ideal","E","VS2",62.1,56,470.673,4.43,4.46,2.76
"Round",0.38,"Ideal","D","SI1",61.8,55,575.484,4.67,4.69,2.89
"Round",1.12,"Ideal","E","SI2",61.6,56,4015.368,6.69,6.71,4.13
"Round",1.17,"Premium","G","VS1",62.4,56,4924.164,6.81,6.75,4.23
"Round",0.3,"Ideal","E","VS2",62.1,55,428.358,4.32,4.35,2.69
"Round",0.4,"Very Good","E","VVS2",61.4,56,643.188,4.74,4.81,2.93
"Round",0.9,"Very Good","H","VS1",62.5,56,2617.671,6.13,6.19,3.85
"Round",0.36,"Ideal","I","VS1",62.1,56,369.768,4.55,4.59,2.84
"Round",2.02,"Premium","J","SI2",63,58,5624.64,8.07,8.02,5.07
"Round",0.74,"Ideal","I","SI1",62.3,57,1514.877,5.76,5.79,3.6
"Round",1.53,"Very Good","H","SI2",60.6,63,4294.647,7.43,7.38,4.49
"Round",0.52,"Ideal","E","VS2",62.4,57,1134.693,5.14,5.12,3.2
"Round",0.55,"Ideal","E","SI1",62.1,55,1085.868,5.26,5.21,3.25
"Round",0.58,"Ideal","D","VS1",61.4,57,1345.617,5.41,5.34,3.3
"Round",0.31,"Ideal","G","VS1",61.4,56,406.875,4.36,4.37,2.68
"Round",1,"Very Good","G","SI1",62.6,59,3153.444,6.29,6.33,3.95
"Round",0.51,"Ideal","F","SI1",61.1,55,1037.043,5.22,5.16,3.17
"Round",1.54,"Very Good","I","SI2",63.3,60,4841.487,7.34,7.31,4.64
"Round",0.31,"Ideal","G","VVS1",61.3,56,513.639,4.37,4.41,2.69
"Round",1.51,"Ideal","E","VS2",61.2,57,9692.739,7.37,7.47,4.54
"Round",0.9,"Good","G","SI1",63.9,60,2286.312,6.1,6.07,3.89
"Round",0.4,"Very Good","F","VS2",63.6,56,564.417,4.66,4.68,2.97
"Round",2.51,"Premium","H","SI2",59.3,61,9467.493,8.81,8.77,5.21
"Round",1.91,"Good","I","SI2",62.8,58,7119.987,7.82,7.89,4.93
"Round",0.53,"Ideal","G","VVS2",62.5,54,1246.014,5.21,5.19,3.25
"Round",0.31,"Premium","J","SI1",61.9,59,302.715,4.32,4.28,2.66
"Round",0.32,"Ideal","F","VS2",60.9,56,397.11,4.41,4.45,2.7
"Round",0.7,"Fair","G","SI2",61.5,66,1301.349,5.55,5.6,3.43
"Round",0.7,"Very Good","J","SI2",61.7,59,1163.988,5.64,5.67,3.49
"Round",0.34,"Premium","H","VS1",60.6,60,498.015,4.49,4.45,2.71
"Round",1.55,"Premium","H","VS2",61.3,61,7621.908,7.46,7.39,4.55
"Round",1,"Very Good","F","SI2",62.6,58,2656.731,6.31,6.37,3.97
"Round",1.04,"Very Good","D","SI1",58.9,58,3995.838,6.66,6.69,3.93
"Round",1.01,"Very Good","G","VVS2",63.3,57,5133.135,6.31,6.36,4.01
"Round",0.31,"Premium","D","SI1",61.1,57,476.532,4.36,4.35,2.66
"Round",0.32,"Premium","H","SI1",61.9,58,374.976,4.38,4.34,2.7
"Round",1.2,"Very Good","I","VS1",62.6,59,4030.992,6.69,6.73,4.2
"Round",1,"Good","H","SI2",62,64,2077.992,6.43,6.29,3.94
"Round",1.52,"Premium","D","SI1",59.2,61,8347.773,7.59,7.55,4.48
"Round",0.43,"Good","F","SI1",63.6,53,617.148,4.83,4.79,3.06
"Round",1,"Very Good","F","VS1",58.4,63,3919.671,6.58,6.47,3.81
"Round",0.75,"Ideal","E","VS1",62,55,2253.762,5.83,5.88,3.66
"Round",0.31,"Good","I","VVS1",63.1,59,371.721,4.25,4.31,2.7
"Round",1,"Very Good","D","SI2",63.3,56,3062.304,6.38,6.35,4.03
"Round",3.01,"Good","H","SI2",57.6,64,12104.043,9.44,9.38,5.42
"Round",0.7,"Good","F","SI1",58.7,61,1473.864,5.77,5.81,3.4
"Round",0.58,"Very Good","J","SI1",62.1,57,712.845,5.35,5.41,3.34
"Round",0.33,"Premium","H","VS2",62.3,58,339.171,4.38,4.41,2.74
"Round",1,"Premium","J","SI1",62.8,59,2460.78,6.37,6.27,3.97
"Round",1.01,"Premium","I","SI2",59.6,62,2385.915,6.56,6.5,3.89
"Round",1,"Premium","G","SI2",61.8,58,2479.008,6.44,6.4,3.97
"Round",0.32,"Ideal","G","SI1",61.8,55,292.299,4.4,4.43,2.73
"Round",0.77,"Premium","H","VS1",61.3,60,1815.639,5.9,5.88,3.61
"Round",0.83,"Very Good","J","VS2",60.5,55,1591.044,6.08,6.11,3.69
"Round",0.55,"Ideal","G","VVS2",61.9,56,1316.322,5.23,5.27,3.25
"Round",0.55,"Ideal","F","VS2",61.1,56,1184.169,5.31,5.27,3.23
"Round",0.71,"Premium","I","VS2",62.1,59,1493.394,5.7,5.73,3.55
"Round",0.75,"Very Good","F","VVS2",61.1,55,2311.701,5.85,5.9,3.59
"Round",0.36,"Very Good","G","VS1",60.7,57.1,534.471,4.57,4.65,2.79
"Round",1.3,"Premium","I","SI1",58.1,59,4028.388,7.19,7.16,4.17
"Round",0.91,"Very Good","H","SI2",58.4,63,2218.608,6.29,6.24,3.66
"Round",0.72,"Fair","H","SI2",66,60,1171.149,5.58,5.51,3.66
"Round",0.72,"Very Good","I","SI1",63.3,57,1350.174,5.73,5.67,3.61
"Round",0.31,"Ideal","F","IF",62.1,54,595.014,4.33,4.37,2.7
"Round",0.58,"Premium","E","VS1",61.8,55,1426.992,5.39,5.35,3.32
"Round",0.32,"Good","G","SI1",63.5,56,310.527,4.35,4.38,2.77
"Round",1.01,"Ideal","G","SI2",61.5,57,3113.733,6.43,6.45,3.96
"Round",0.44,"Very Good","E","VVS2",60.7,57,829.374,4.9,4.92,2.98
"Round",0.4,"Premium","F","VVS2",60.8,59,757.113,4.73,4.71,2.87
"Round",0.71,"Ideal","I","VS2",62.1,59,1507.065,5.73,5.7,3.55
"Round",1.2,"Ideal","J","VS2",61.8,55,3462.018,6.84,6.86,4.23
"Round",1.06,"Ideal","I","VVS2",62.2,55,3950.919,6.51,6.55,4.06
"Round",0.57,"Premium","E","SI1",62.2,55,1035.09,5.36,5.31,3.32
"Round",0.74,"Premium","E","SI2",58.8,60,1635.312,5.93,5.91,3.48
"Round",1.09,"Ideal","G","VVS2",61.5,55,5245.107,6.66,6.61,4.08
"Round",0.33,"Premium","E","VS2",61,60,470.673,4.42,4.47,2.71
"Round",0.49,"Premium","F","SI1",58.7,60,767.529,5.2,5.15,3.04
"Round",0.32,"Ideal","E","VS2",61.3,56,398.412,4.41,4.46,2.72
"Round",0.65,"Very Good","D","SI1",62.4,58,1266.195,5.52,5.57,3.46
"Round",0.31,"Very Good","F","VS2",62.7,57,406.875,4.3,4.34,2.71
"Round",1.02,"Very Good","G","SI1",63,55,3016.083,6.4,6.45,4.05
"Round",0.25,"Very Good","E","VVS1",61.5,56,364.56,4.06,4.08,2.5
"Round",0.93,"Ideal","F","SI2",59.5,57,2492.028,6.37,6.33,3.78
"Round",0.47,"Very Good","J","VS1",63,60,555.954,4.92,4.95,3.11
"Round",0.26,"Very Good","I","VVS2",62.7,55,277.977,4.09,4.12,2.57
"Round",0.32,"Ideal","I","VS2",62.2,57,292.299,4.39,4.42,2.74
"Round",0.31,"Ideal","H","VS1",61.1,57,354.144,4.35,4.39,2.67
"Round",0.71,"Ideal","H","SI2",61.5,56,1381.422,5.71,5.74,3.52
"Round",0.53,"Very Good","D","VVS2",57.5,64,1811.082,5.34,5.37,3.08
"Round",1.03,"Very Good","J","VS1",63.4,58,2794.092,6.36,6.42,4.05
"Round",1.22,"Ideal","G","VVS1",61.1,56,7088.088,6.91,6.94,4.23
"Round",0.62,"Ideal","G","VS2",61.6,55,1510.971,5.51,5.53,3.4
"Round",0.61,"Very Good","E","SI1",63.9,54,1418.529,5.38,5.42,3.45
"Round",0.3,"Premium","H","VVS2",62.9,57,505.176,4.31,4.28,2.7
"Round",0.31,"Premium","E","VVS1",61.3,58,601.524,4.36,4.39,2.68
"Round",1.13,"Premium","H","SI1",62,58,3287.55,6.67,6.63,4.12
"Round",0.35,"Ideal","G","VS1",61.9,55,589.806,4.53,4.52,2.8
"Round",0.4,"Premium","H","VS1",62.6,58,525.357,4.68,4.71,2.94
"Round",1.11,"Ideal","I","SI2",61.9,57,2901.507,6.66,6.62,4.11
"Round",1.21,"Ideal","H","VS1",62.7,56,4416.384,6.79,6.84,4.27
"Round",1.5,"Fair","G","VS2",64.4,56,8324.337,7.16,7.09,4.59
"Round",0.51,"Ideal","E","SI1",61.7,55,939.393,5.17,5.13,3.18
"Round",0.42,"Ideal","E","VS2",61.3,56,623.658,4.81,4.85,2.96
"Round",1.24,"Premium","H","VS1",61.2,59,4790.058,6.91,6.94,4.24
"Round",1.06,"Premium","G","VS2",60.9,57,4284.882,6.65,6.61,4.04
"Round",0.41,"Premium","G","VVS1",59.9,59,749.301,4.79,4.83,2.88
"Round",0.72,"Ideal","E","SI2",62.5,55,1647.03,5.69,5.74,3.57
"Round",1.01,"Good","E","VS2",58.9,62,4242.567,6.55,6.63,3.88
"Round",0.27,"Ideal","I","VS1",62.5,54,281.232,4.16,4.19,2.61
"Round",0.4,"Very Good","E","VS1",62.6,56,685.503,4.67,4.72,2.94
"Round",1.01,"Very Good","F","VS1",63.3,60,4639.677,6.35,6.32,4.01
"Round",0.79,"Premium","E","VS2",60.6,53,1872.276,6.04,5.98,3.64
"Round",1.55,"Ideal","E","VS2",61.9,58,9955.743,7.39,7.45,4.59
"Round",2.16,"Premium","J","SI1",60.5,59,9327.528,8.41,8.35,5.07
"Round",0.45,"Fair","F","VS2",67,56,600.873,4.77,4.7,3.17
"Round",0.3,"Ideal","E","VS1",62.5,56,451.794,4.27,4.31,2.68
"Round",1.01,"Premium","G","SI1",62.2,58,3258.906,6.42,6.4,3.99
"Round",0.38,"Ideal","E","IF",61.1,56,932.883,4.67,4.72,2.87
"Round",0.29,"Ideal","G","VS2",61.6,56,341.775,4.26,4.29,2.63
"Round",1.01,"Very Good","F","VS2",60.5,59,4520.544,6.51,6.54,3.95
"Round",0.79,"Very Good","F","VS1",58.6,57,2212.098,6.08,6.14,3.58
"Round",1.2,"Ideal","I","VS2",61.5,57,3827.88,6.8,6.75,4.17
"Round",1.02,"Ideal","F","VS1",62.6,54,5310.207,6.45,6.41,4.02
"Round",0.44,"Ideal","E","VS2",61.9,55,698.523,4.89,4.86,3.02
"Round",0.8,"Very Good","H","SI2",59.7,58,1473.213,6.03,6.09,3.62
"Round",0.36,"Very Good","E","VS2",62.8,56,513.639,4.51,4.54,2.84
"Round",0.54,"Ideal","D","VVS2",61.5,55,1854.048,5.25,5.29,3.24
"Round",0.3,"Very Good","F","IF",62.1,57,576.786,4.26,4.3,2.66
"Round",1,"Very Good","F","VS2",63.4,58,4438.518,6.3,6.39,4.02
"Round",0.7,"Very Good","E","VVS1",63.2,57,3023.244,5.62,5.67,3.57
"Round",1.22,"Premium","I","SI2",62.3,58,3144.981,6.8,6.85,4.25
"Round",0.37,"Ideal","E","VVS2",62.2,56,704.382,4.63,4.6,2.87
"Round",1.51,"Very Good","E","VS2",62.7,59,8319.129,7.2,7.32,4.55
"Round",0.91,"Ideal","I","SI2",61.6,57,1940.631,6.24,6.23,3.84
"Round",0.42,"Ideal","D","SI1",61.5,56,527.31,4.81,4.85,2.97
"Round",0.78,"Premium","F","VS1",61.5,58,2243.346,5.93,5.98,3.66
"Round",0.4,"Premium","D","VVS2",60.8,59,861.273,4.81,4.76,2.91
"Round",0.35,"Ideal","E","VS2",62,57,499.317,4.51,4.55,2.81
"Round",0.53,"Ideal","H","VVS2",61.8,56,1171.8,5.22,5.2,3.22
"Round",0.31,"Premium","J","VS2",62.5,60,317.688,4.36,4.31,2.71
"Round",0.75,"Fair","J","SI1",55,66,1189.377,6.2,6.04,3.37
"Round",0.92,"Fair","H","SI2",66.1,57,1486.233,6.22,6,4.05
"Round",0.7,"Premium","E","SI1",59.1,62,1687.392,5.8,5.74,3.41
"Round",0.5,"Very Good","G","VVS2",62.4,56,1121.673,5.06,5.1,3.17
"Round",0.3,"Ideal","E","VS2",61.5,55,428.358,4.29,4.33,2.65
"Round",0.24,"Very Good","I","VVS1",62.3,57,218.736,3.95,3.98,2.47
"Round",0.3,"Very Good","D","SI1",62.2,61,359.352,4.24,4.28,2.65
"Round",0.35,"Ideal","D","VS1",60.8,57,619.752,4.61,4.57,2.79
"Round",1.17,"Ideal","J","SI1",62.3,55,3178.833,6.74,6.77,4.21
"Round",1.2,"Ideal","G","VS1",61.9,58,6265.875,6.76,6.8,4.2
"Round",1.01,"Ideal","F","SI2",61.5,56,2902.158,6.42,6.49,3.97
"Round",0.25,"Very Good","F","VVS1",61.1,57,412.083,4.05,4.08,2.48
"Round",0.54,"Ideal","E","VS2",61.9,55,1202.397,5.24,5.2,3.23
"Round",1.04,"Very Good","G","VS2",61.4,63,3548.601,6.55,6.51,4.01
"Round",0.25,"Ideal","G","VVS1",62.6,56,378.882,4.01,4.05,2.52
"Round",1.51,"Good","E","SI2",63.1,58,6082.293,7.28,7.31,4.6
"Round",0.9,"Very Good","J","VS1",62.4,57,2371.593,6.13,6.18,3.84
"Round",0.41,"Premium","F","VS2",60.3,58,720.657,4.85,4.8,2.91
"Round",0.7,"Premium","E","VS2",59.3,60,1834.518,5.78,5.73,3.41
"Round",0.54,"Ideal","F","VS1",61.5,55,1433.502,5.26,5.27,3.24
"Round",0.73,"Ideal","G","VVS2",61.9,55,1900.269,5.83,5.77,3.59
"Round",0.34,"Ideal","E","VS1",62,57,573.531,4.49,4.44,2.77
"Round",1.16,"Ideal","G","SI2",61.9,56,3176.88,6.73,6.77,4.18
"Round",1.51,"Fair","J","SI1",63.4,60,4541.376,7.31,7.18,4.59
"Round",0.96,"Ideal","F","I1",60.7,55,1823.451,6.37,6.41,3.88
"Round",1,"Ideal","H","SI2",59.4,55,2796.045,6.59,6.65,3.93
"Round",1.5,"Good","D","SI1",56.6,64,5194.98,7.51,7.43,4.23
"Round",0.54,"Ideal","F","SI1",60.5,57,901.635,5.25,5.27,3.18
"Round",1.01,"Good","D","VS1",56.8,61,3287.55,6.5,6.45,3.68
"Round",0.73,"Ideal","E","VS2",62.2,56,2166.528,5.76,5.78,3.59
"Round",0.71,"Premium","H","VS2",62,54,1464.099,5.73,5.69,3.54
"Round",0.41,"Ideal","D","VS2",62.2,57,700.476,4.76,4.72,2.95
"Round",0.5,"Very Good","H","IF",61.3,60,1110.606,5.08,5.17,3.14
"Round",0.44,"Good","D","VS2",60.6,64,805.938,4.97,4.89,2.99
"Round",1.59,"Premium","H","VS2",62.1,58,7445.487,7.48,7.42,4.63
"Round",0.37,"Ideal","F","VVS2",61.1,56,642.537,4.62,4.65,2.83
"Round",2.21,"Very Good","G","SI2",60.7,62,10302.075,8.42,8.48,5.13
"Round",0.61,"Premium","F","SI2",60.9,58,848.253,5.44,5.52,3.34
"Round",0.91,"Premium","H","SI2",62.1,56,2277.198,6.24,6.15,3.85
"Round",0.44,"Very Good","D","VS2",62.8,58,553.35,4.79,4.86,3.03
"Round",0.86,"Good","D","VVS1",64.3,53,3273.879,6.02,6.12,3.89
"Round",1.56,"Premium","F","SI2",63,58,4538.121,7.35,7.28,4.66
"Round",0.31,"Ideal","I","VS2",61.6,55,294.252,4.38,4.42,2.71
"Round",0.32,"Very Good","G","VS2",62.3,55,354.144,4.38,4.41,2.73
"Round",0.56,"Ideal","G","VVS1",62.3,55,1408.764,5.31,5.25,3.29
"Round",1.55,"Good","G","I1",63.6,58,3232.215,7.34,7.29,4.65
"Round",0.75,"Premium","F","SI2",62.2,58,1628.151,5.87,5.8,3.57
"Round",0.39,"Ideal","E","VS2",61.3,56,593.061,4.71,4.75,2.9
"Round",0.33,"Very Good","G","VVS1",62.8,59,565.068,4.38,4.44,2.77
"Round",1.04,"Premium","J","VS2",58.7,58,2631.993,6.68,6.61,3.9
"Round",0.31,"Very Good","E","SI1",61.2,58,330.057,4.34,4.38,2.67
"Round",0.9,"Premium","I","IF",62.6,59,2939.916,6.15,6.12,3.84
"Round",2.05,"Good","G","SI2",63.7,61,10512.348,7.99,8.03,5.1
"Round",1.24,"Fair","H","SI2",65,54,3390.408,6.76,6.73,4.38
"Round",0.37,"Premium","F","VS2",61.9,58,623.007,4.6,4.54,2.83
"Round",2.14,"Very Good","E","SI2",61.5,58,11799.375,8.24,8.31,5.09
"Round",0.31,"Ideal","F","VVS1",60.4,59,507.129,4.35,4.43,2.65
"Round",0.5,"Ideal","F","VS2",61.4,57,1062.432,5.16,5.13,3.16
"Round",0.37,"Very Good","G","VS2",62.8,60,422.499,4.55,4.59,2.87
"Round",1.26,"Very Good","H","VS2",63.1,58,3807.699,6.91,6.81,4.34
"Round",0.83,"Ideal","G","VS1",62.1,55,3247.839,6.02,6.05,3.75
"Round",0.7,"Very Good","E","VS2",61.8,59,1921.752,5.63,5.67,3.49
"Round",0.7,"Very Good","E","SI2",61.1,62,1451.73,5.68,5.72,3.48
"Round",0.41,"Premium","G","VS2",59.2,58,690.711,4.83,4.8,2.85
"Round",1.01,"Very Good","G","IF",61.1,56,5900.013,6.45,6.48,3.95
"Round",1,"Good","H","SI1",56.8,65,2693.838,6.61,6.49,3.72
"Round",1.03,"Ideal","I","SI1",62.2,54,3113.082,6.46,6.5,4.03
"Round",0.7,"Good","G","SI2",64.1,56,1259.685,5.64,5.59,3.6
"Round",0.51,"Ideal","G","VVS2",61.6,55,1430.247,5.13,5.16,3.17
"Round",0.59,"Ideal","G","SI1",61.8,56,1118.418,5.37,5.39,3.32
"Round",0.9,"Ideal","D","SI1",61.3,58,3034.311,6.16,6.21,3.79
"Round",2.01,"Ideal","J","SI2",62.9,54,7168.161,8.06,7.93,5.05
"Round",1,"Good","H","SI2",62.7,58,2685.375,6.31,6.33,3.96
"Round",0.5,"Premium","G","I1",62.2,59,664.02,5.07,5.03,3.14
"Round",0.9,"Very Good","G","VS2",63.3,54,2805.159,6.19,6.11,3.89
"Round",0.44,"Premium","E","VS2",62.3,59,698.523,4.91,4.81,3.03
"Round",0.73,"Fair","D","SI1",64.5,56,1652.889,5.7,5.65,3.66
"Round",0.6,"Very Good","J","SI2",62.9,60,665.322,5.34,5.38,3.37
"Round",2.01,"Premium","H","SI2",61.8,62,7581.546,8.05,7.97,4.95
"Round",0.42,"Very Good","E","SI1",62.3,58,503.223,4.76,4.81,2.98
"Round",0.39,"Very Good","G","VVS2",62.1,55,569.625,4.67,4.7,2.91
"Round",1.16,"Ideal","G","SI2",61.5,54,3389.106,6.75,6.78,4.16
"Round",0.57,"Ideal","E","SI1",61.9,56,1050.063,5.33,5.3,3.29
"Round",0.38,"Ideal","H","SI2",61.3,54,332.01,4.68,4.7,2.87
"Round",1.21,"Very Good","H","VS1",60.4,59,4684.596,6.88,6.97,4.18
"Round",0.47,"Fair","F","SI2",67.6,57,468.069,4.81,4.72,3.23
"Round",0.34,"Ideal","D","VS1",61.4,56,487.599,4.5,4.53,2.77
"Round",0.37,"Ideal","H","IF",61.4,55,609.336,4.63,4.66,2.85
"Round",0.4,"Premium","G","SI2",61.9,61,498.015,4.74,4.69,2.92
"Round",0.71,"Very Good","D","VS1",58.1,62,2047.395,5.84,5.89,3.41
"Round",0.71,"Ideal","I","SI1",61.6,55,1509.669,5.72,5.74,3.53
"Round",1.14,"Premium","I","SI1",59.1,58,3116.988,6.83,6.81,4.03
"Round",0.33,"Ideal","I","VVS2",62.4,57,483.693,4.44,4.41,2.76
"Round",0.78,"Ideal","G","VS1",61.6,55,2432.136,5.91,5.94,3.65
"Round",1.05,"Premium","E","VS2",62.6,59,3674.895,6.5,6.43,4.05
"Round",0.51,"Ideal","F","VVS2",62.2,56,1434.153,5.12,5.08,3.17
"Round",0.34,"Very Good","F","SI1",62.8,56,368.466,4.42,4.46,2.79
"Round",1.25,"Very Good","H","SI2",62.8,55,3759.525,6.82,6.87,4.3
"Round",0.31,"Ideal","H","IF",62.2,54,513.639,4.38,4.4,2.73
"Round",1.01,"Ideal","D","VS2",62.6,55,5389.629,6.42,6.46,4.03
"Round",0.7,"Very Good","G","SI1",63.5,56,1492.743,5.64,5.7,3.6
"Round",1,"Premium","G","VS1",62.4,60,4151.427,6.39,6.37,3.98
"Round",0.3,"Ideal","D","VVS1",61.1,57,695.919,4.36,4.34,2.66
"Round",0.26,"Premium","E","VS1",60.1,60,377.58,4.15,4.1,2.48
"Round",2.03,"Ideal","I","SI1",62.9,55,7468.272,8.11,8.04,5.08
"Round",0.59,"Ideal","E","SI1",61.4,56,1083.264,5.36,5.39,3.3
"Round",1.5,"Very Good","J","VS1",63.3,57,5791.296,7.24,7.2,4.57
"Round",0.53,"Good","E","VS2",58.6,62,925.722,5.26,5.32,3.1
"Round",0.51,"Ideal","J","VS2",62.5,57,703.08,5.04,5.08,3.16
"Round",0.4,"Ideal","H","VS2",61.9,55,471.975,4.73,4.75,2.93
"Round",0.7,"Ideal","E","VVS2",62.8,56,2107.938,5.68,5.6,3.54
"Round",0.36,"Premium","E","VS2",62.3,58,659.463,4.55,4.51,2.82
"Round",1.57,"Very Good","H","SI1",59.6,58,6800.997,7.61,7.65,4.55
"Round",1.02,"Very Good","F","SI1",60.2,60,3305.127,6.55,6.61,3.96
"Round",0.51,"Ideal","G","VVS2",62.6,57,1285.074,5.12,5.1,3.2
"Round",0.79,"Premium","H","SI1",61.8,59,1481.025,5.97,5.91,3.67
"Round",1.28,"Very Good","J","SI1",63.4,59,3233.517,6.89,6.84,4.35
"Round",0.39,"Very Good","H","VVS2",62.1,58,556.605,4.63,4.65,2.88
"Round",0.44,"Ideal","E","SI2",62,54,449.841,4.9,4.94,3.05
"Round",1.24,"Premium","H","VS1",62.2,59,4616.892,6.83,6.9,4.27
"Round",0.23,"Ideal","E","VVS2",62.8,57,345.03,3.91,3.96,2.47
"Round",1.5,"Ideal","G","VS2",62.5,55,8324.337,7.26,7.23,4.53
"Round",0.42,"Ideal","D","SI1",63,57,631.47,4.81,4.77,3.02
"Round",0.35,"Premium","H","VVS2",62.7,58,589.806,4.5,4.46,2.81
"Round",0.53,"Ideal","G","VVS1",61.3,56,1311.765,5.22,5.26,3.21
"Round",0.3,"Premium","I","VS1",60.3,58,307.923,4.32,4.34,2.61
"Round",1.31,"Ideal","G","VS2",61.9,56,5808.222,7.05,7.08,4.37
"Round",0.3,"Premium","G","VS1",62.3,59,505.176,4.3,4.27,2.67
"Round",0.37,"Premium","F","VS2",61.9,59,485.646,4.57,4.61,2.84
"Round",1.03,"Very Good","D","SI1",63,59,3613.701,6.39,6.44,4.04
"Round",0.55,"Ideal","I","VS2",61.3,54,791.616,5.28,5.36,3.26
"Round",0.9,"Good","F","VS1",63.5,57,2981.58,6.06,6.09,3.86
"Round",0.76,"Ideal","I","SI1",62.3,57,1610.574,5.81,5.87,3.64
"Round",0.78,"Premium","F","SI2",62.7,56,1591.044,5.87,5.84,3.67
"Round",0.34,"Ideal","D","VS2",62,54,672.483,4.52,4.48,2.79
"Round",0.56,"Ideal","F","VS2",62.3,55,1125.579,5.32,5.28,3.3
"Round",1.05,"Premium","G","SI2",61.3,58,2760.891,6.55,6.6,4.03
"Round",0.33,"Ideal","G","SI1",61.4,57,410.781,4.48,4.45,2.74
"Round",0.36,"Very Good","E","VS2",62.9,56,410.781,4.52,4.54,2.85
"Round",2.01,"Ideal","J","VS1",60.9,56,10623.669,8.14,8.18,4.97
"Round",0.76,"Premium","F","SI2",60.5,60,1621.641,5.92,5.89,3.57
"Round",0.4,"Good","E","SI2",63.9,57,404.922,4.65,4.71,2.99
"Round",0.52,"Ideal","D","VS2",61.8,55,1249.269,5.19,5.16,3.2
"Round",2.5,"Premium","H","I1",59.9,60,5512.017,8.75,8.67,5.22
"Round",0.53,"Ideal","G","SI1",63,54,828.723,5.18,5.14,3.25
"Round",0.54,"Premium","G","VVS2",60.5,55,1360.59,5.28,5.24,3.18
"Round",0.64,"Premium","E","VVS2",62.1,58,1868.37,5.56,5.51,3.44
"Round",0.59,"Ideal","D","IF",60.9,60,3200.316,5.41,5.39,3.29
"Round",0.9,"Very Good","J","SI2",62.3,59,1753.143,6.15,6.18,3.84
"Round",0.33,"Ideal","E","SI1",61.9,57,376.929,4.43,4.46,2.75
"Round",0.32,"Ideal","I","SI1",60.9,55,263.004,4.45,4.48,2.72
"Round",1.33,"Very Good","F","SI1",63.3,56,5314.113,6.91,6.95,4.39
"Round",2.01,"Ideal","H","SI1",65.1,56,10893.183,7.91,7.84,5.12
"Round",0.52,"Ideal","E","VS2",62.1,57,1052.667,5.22,5.19,3.23
"Round",0.56,"Ideal","E","VVS2",61.5,57,1581.279,5.27,5.34,3.26
"Round",1.02,"Good","D","SI2",58.9,65,2501.142,6.59,6.54,3.87
"Round",0.73,"Ideal","E","SI2",60.4,56,1584.534,5.81,5.89,3.54
"Round",2,"Ideal","F","SI2",62,57,11529.21,8.03,8.1,5
"Round",1.11,"Very Good","H","SI1",63.2,58,3379.992,6.53,6.61,4.15
"Round",0.76,"Very Good","G","VS2",59.8,58,1774.626,5.92,5.96,3.55
"Round",0.75,"Premium","F","SI2",60.9,58,1480.374,5.88,5.91,3.59
"Round",1.2,"Very Good","D","SI1",62.4,58,4977.546,6.75,6.78,4.23
"Round",2,"Very Good","H","SI2",62.6,56,10055.346,7.98,8.09,5.03
"Round",0.52,"Very Good","G","VVS1",61.1,58,1375.563,5.19,5.22,3.18
"Round",1.59,"Ideal","G","VVS2",62.6,55,10300.773,7.47,7.44,4.67
"Round",1.01,"Very Good","E","VS1",63.4,58,4795.266,6.38,6.36,4.04
"Round",1.51,"Good","J","SI2",58.1,64,4045.965,7.57,7.53,4.39
"Round",0.99,"Very Good","G","SI1",62.8,56,3165.813,6.34,6.36,3.99
"Round",0.53,"Ideal","H","VS2",62.5,56,919.212,5.19,5.15,3.23
"Round",0.51,"Ideal","G","VS1",61.9,56,1078.056,5.1,5.14,3.17
"Round",1.12,"Premium","H","I1",59.1,61,1857.954,6.78,6.75,4
"Round",0.91,"Very Good","F","SI1",63.1,60,1957.557,6.13,6.1,3.86
"Round",0.4,"Ideal","F","SI2",62.1,54,440.727,4.75,4.78,2.96
"Round",1.55,"Ideal","F","SI2",61.9,55,7119.987,7.44,7.4,4.6
"Round",0.28,"Ideal","F","IF",62.4,55,420.546,4.17,4.2,2.61
"Round",0.7,"Very Good","G","VS1",62.5,58,1586.487,5.63,5.69,3.54
"Round",0.33,"Ideal","G","VVS2",62.7,55,489.552,4.41,4.46,2.78
"Round",1,"Ideal","G","VVS2",62.8,57,5194.329,6.37,6.43,4.02
"Round",1.52,"Good","H","SI1",64.1,59,5803.665,7.11,7.18,4.58
"Round",0.3,"Good","G","VS2",63.5,54,342.426,4.25,4.28,2.71
"Round",1.07,"Ideal","I","SI1",62,55,3227.658,6.56,6.6,4.08
"Round",2.08,"Very Good","H","SI2",63.4,59,8597.106,8.06,8,5.09
"Round",1.16,"Ideal","I","SI2",62.8,57,2346.855,6.8,6.64,4.22
"Round",1.02,"Premium","H","SI2",62.7,59,2900.205,6.41,6.34,4
"Round",0.74,"Very Good","J","VS2",60.8,58,1303.953,5.79,5.85,3.54
"Round",0.71,"Ideal","D","SI1",60.6,56,2391.774,5.78,5.81,3.51
"Round",1.27,"Premium","H","VS2",62.6,59,4397.505,6.83,6.93,4.31
"Round",0.98,"Fair","F","SI1",61.8,66,2357.922,6.38,6.27,3.91
"Round",0.61,"Premium","F","SI1",62.4,59,1007.097,5.37,5.33,3.34
"Round",0.7,"Very Good","F","SI1",62.3,57,1475.817,5.62,5.65,3.51
"Round",0.32,"Ideal","G","VS1",61.7,55,539.028,4.41,4.37,2.71
"Round",0.56,"Very Good","D","VVS1",60.1,58,1926.309,5.36,5.42,3.24
"Round",0.71,"Ideal","D","SI2",61.5,56,1699.11,5.74,5.78,3.54
"Round",0.9,"Good","E","VS1",62.2,60,3299.268,6.12,6.16,3.82
"Round",1.02,"Premium","F","VVS1",62.6,59,6217.05,6.41,6.36,4
"Round",1.24,"Ideal","I","SI1",62.1,56,3842.202,6.88,6.84,4.26
"Round",0.36,"Ideal","E","VS1",61.8,56,554.652,4.56,4.6,2.83
"Round",0.74,"Premium","G","SI2",62.7,60,1456.938,5.78,5.73,3.61
"Round",1.03,"Very Good","G","VS1",63,56,4256.889,6.43,6.46,4.06
"Round",0.38,"Ideal","D","VS1",62,55,694.617,4.64,4.68,2.89
"Round",0.8,"Very Good","H","VVS1",62.9,58,2908.668,5.82,5.88,3.68
"Round",0.51,"Fair","G","SI1",65.2,55,697.221,5.04,5.02,3.28
"Round",1.1,"Ideal","H","SI2",62,55,3007.62,6.62,6.6,4.1
"Round",0.62,"Good","J","SI1",59.9,65,726.516,5.58,5.5,3.32
"Round",0.33,"Ideal","G","IF",62.1,56,684.852,4.44,4.41,2.75
"Round",0.4,"Premium","F","VS1",60.5,60,683.55,4.8,4.76,2.89
"Round",0.4,"Very Good","F","VVS2",60.9,52,682.899,4.81,4.83,2.94
"Round",1.04,"Ideal","G","VS1",61.2,58,4801.125,6.5,6.53,3.99
"Round",0.31,"Ideal","H","VVS1",61.8,57,590.457,4.35,4.32,2.68
"Round",0.7,"Premium","F","SI2",61.5,58,1329.993,5.74,5.67,3.51
"Round",0.31,"Ideal","D","SI1",62.3,55,371.721,4.33,4.37,2.71
"Round",0.32,"Premium","F","VS2",59.5,60,391.902,4.46,4.48,2.66
"Round",1.04,"Premium","D","SI2",62.4,56,3445.092,6.5,6.45,4.04
"Round",0.93,"Very Good","G","VS1",62.1,59,3176.229,6.16,6.21,3.84
"Round",1.02,"Premium","E","SI2",59.9,58,2915.178,6.6,6.55,3.94
"Round",0.56,"Ideal","D","SI2",61,57,910.749,5.3,5.34,3.24
"Round",1.04,"Ideal","H","SI2",61.7,57,2904.111,6.49,6.54,4.02
"Round",0.34,"Ideal","J","VS1",62,54,302.064,4.52,4.55,2.81
"Round",1.01,"Good","D","VS2",67,57,3979.563,6.11,6.22,4.13
"Round",0.23,"Good","E","VS2",61.8,63,232.407,3.88,3.89,2.4
"Round",1,"Premium","G","VS2",62.1,57,3779.706,6.43,6.39,3.98
"Round",1.22,"Ideal","F","VVS1",61.5,58,8401.806,6.85,6.9,4.23
"Round",0.42,"Ideal","H","VS2",62.5,57,503.223,4.76,4.81,2.99
"Round",1.52,"Premium","I","SI1",61.2,60,5547.171,7.41,7.36,4.52
"Round",0.42,"Ideal","G","VVS1",61.1,56,767.529,4.82,4.84,2.95
"Round",0.71,"Premium","F","SI2",60.6,58,1538.313,5.77,5.72,3.48
"Round",0.37,"Ideal","F","VS1",61,55,457.653,4.66,4.69,2.85
"Round",0.54,"Ideal","E","VS2",62.2,55,1141.854,5.21,5.24,3.25
"Round",1,"Very Good","I","SI2",58.3,63,2187.36,6.53,6.5,3.8
"Round",1.04,"Ideal","H","SI1",62.7,54,2939.265,6.51,6.47,4.07
"Round",0.8,"Ideal","G","VS1",61.1,58,2329.278,5.96,6.03,3.66
"Round",0.72,"Premium","E","SI2",61.6,59,1314.369,5.83,5.68,3.55
"Round",0.62,"Ideal","F","VS1",62.3,56,1349.523,5.43,5.46,3.39
"Round",0.54,"Ideal","H","VVS1",61.8,55,1265.544,5.24,5.21,3.23
"Round",0.4,"Ideal","F","SI1",62,54,451.794,4.76,4.79,2.96
"Round",0.43,"Ideal","I","VVS1",61.1,57,596.316,4.86,4.9,2.98
"Round",2.02,"Good","I","SI2",58.2,57,9131.577,8.31,8.35,4.85
"Round",0.6,"Very Good","G","SI1",63.3,58,910.749,5.34,5.31,3.37
"Round",0.5,"Good","I","SI2",65.3,56,556.605,4.91,5.01,3.24
"Round",1.54,"Premium","G","VS2",61.8,58,8541.12,7.43,7.39,4.58
"Round",0.53,"Ideal","G","SI2",62.4,56,711.543,5.18,5.14,3.22
"Round",0.9,"Ideal","G","SI2",61.2,57,2292.171,6.24,6.28,3.83
"Round",1.01,"Premium","H","SI2",59.4,62,2007.033,6.47,6.43,3.83
"Round",0.27,"Very Good","F","VVS2",62.5,59,354.144,4.11,4.15,2.58
"Round",0.37,"Very Good","F","VS2",61,58,485.646,4.61,4.63,2.82
"Round",0.7,"Ideal","D","VS2",62.8,57,1951.698,5.69,5.75,3.59
"Round",0.9,"Fair","I","SI2",65.3,57,1650.936,5.98,5.93,3.89
"Round",0.41,"Ideal","H","VVS1",61.4,56,678.993,4.77,4.8,2.94
"Round",1.01,"Premium","E","VS2",62.5,58,4300.506,6.44,6.4,4.01
"Round",0.38,"Good","E","SI1",62.8,61,417.291,4.6,4.67,2.91
"Round",2.01,"Ideal","I","SI2",62.3,57,8981.196,8.06,8.08,5.03
"Round",0.56,"Very Good","E","VVS2",60.5,57,1589.742,5.32,5.36,3.23
"Round",0.54,"Premium","F","SI1",62.3,58,1102.143,5.26,5.2,3.26
"Round",0.43,"Premium","H","VS2",61.9,55,661.416,4.95,4.8,3.02
"Round",1.13,"Very Good","E","VS2",61.9,61,5441.058,6.61,6.64,4.1
"Round",0.75,"Premium","E","SI2",61.9,55,1441.314,5.89,5.84,3.63
"Round",1.32,"Premium","F","VS2",60.9,59,6785.373,7.12,7.06,4.32
"Round",0.79,"Premium","G","VS1",62.3,56,1987.503,5.94,5.87,3.68
"Round",0.33,"Premium","H","IF",61.8,60,565.068,4.4,4.44,2.73
"Round",0.38,"Ideal","G","VS1",61.8,56,695.919,4.65,4.64,2.87
"Round",0.41,"Ideal","D","VVS1",62.3,57,1029.882,4.77,4.73,2.96
"Round",2.05,"Premium","G","SI2",62.1,56,8369.907,8.18,8.1,5.04
"Round",1.12,"Very Good","H","SI2",61.8,58,3010.224,6.62,6.68,4.11
"Round",0.32,"Ideal","G","VS1",61.6,55,432.915,4.43,4.5,2.75
"Round",0.55,"Very Good","D","SI1",60.7,58,1101.492,5.24,5.3,3.2
"Round",1.51,"Very Good","G","SI2",60.5,54.6,5622.687,7.36,7.4,4.46
"Round",0.31,"Ideal","E","VS1",60.4,57,613.242,4.4,4.37,2.65
"Round",0.45,"Ideal","E","SI2",61.5,55,459.606,4.92,4.97,3.04
"Round",0.5,"Very Good","D","SI1",58.5,60,934.836,5.13,5.19,3.02
"Round",1.04,"Ideal","G","SI2",62.4,54,3283.644,6.49,6.53,4.06
"Round",0.3,"Ideal","F","VVS1",58,60,522.102,4.34,4.37,2.64
"Round",0.71,"Very Good","G","VS2",63.1,56,1602.762,5.58,5.77,3.58
"Round",1.5,"Good","G","SI1",62.9,58,6686.421,7.17,7.3,4.55
"Round",1.23,"Very Good","H","VS2",60.6,59,4204.809,6.89,6.94,4.19
"Round",1.01,"Very Good","H","SI1",62.3,57,2803.206,6.36,6.42,3.98
"Round",1.52,"Premium","H","VVS2",62.8,57,7963.032,7.38,7.27,4.6
"Round",1.5,"Premium","H","VS1",59.9,60,7218.288,7.39,7.44,4.44
"Round",0.44,"Very Good","E","SI2",63.2,59,571.578,4.85,4.8,3.05
"Round",0.32,"Ideal","D","SI1",62,57,383.439,4.37,4.4,2.72
"Round",0.31,"Very Good","F","VS1",61.2,55,439.425,4.35,4.37,2.67
"Round",0.48,"Very Good","E","VS1",59.1,62,1052.016,5.14,5.18,3.05
"Round",0.28,"Very Good","E","VS1",62.8,60,282.534,4.16,4.21,2.63
"Round",1.26,"Ideal","I","SI1",62.6,57,4294.647,6.89,6.92,4.32
"Round",0.55,"Ideal","F","VVS1",61.2,54,1973.832,5.35,5.3,3.26
"Round",0.43,"Good","E","SI1",60.6,61,470.673,4.96,4.98,3.01
"Round",0.35,"Ideal","G","VS1",60.5,57,589.806,4.58,4.55,2.76
"Round",0.31,"Ideal","I","VS2",61.6,57,294.252,4.36,4.4,2.7
"Round",1.51,"Very Good","J","VVS2",60.6,58,5721.639,7.36,7.4,4.47
"Round",0.4,"Ideal","D","VVS2",61.2,56,1102.143,4.76,4.78,2.92
"Round",1.2,"Good","H","SI2",64.1,57,3062.304,6.68,6.65,4.27
"Round",0.54,"Ideal","F","VVS2",61.2,55,1518.783,5.27,5.25,3.22
"Round",1.14,"Ideal","H","SI1",62.2,57,3200.316,6.73,6.67,4.17
"Round",0.31,"Ideal","F","VVS1",61.9,55,521.451,4.37,4.42,2.72
"Round",0.29,"Ideal","H","VVS2",61.6,55,395.157,4.27,4.29,2.64
"Round",0.39,"Good","F","VS2",64.3,55,443.331,4.56,4.64,2.96
"Round",0.71,"Ideal","H","VS1",61.8,55,2102.079,5.72,5.77,3.55
"Round",0.44,"Ideal","E","VS1",61.5,56,703.731,4.9,4.92,3.02
"Round",2.1,"Ideal","F","SI2",61,60,11798.724,8.22,8.2,5.01
"Round",1.01,"Very Good","F","VS2",63.7,56,4094.139,6.29,6.34,4.02
"Round",0.31,"Very Good","E","VS2",62.8,57,442.68,4.33,4.37,2.73
"Round",0.7,"Premium","E","SI1",61.3,58,1553.286,5.71,5.84,3.54
"Round",0.34,"Ideal","F","IF",60.7,57,699.174,4.5,4.53,2.74
"Round",0.7,"Very Good","G","VS2",63.3,57,1652.238,5.62,5.66,3.57
"Round",1.6,"Premium","D","SI2",61.9,58,6551.664,7.54,7.49,4.65
"Round",0.9,"Ideal","H","VS2",62.7,57,2650.872,6.13,6.15,3.85
"Round",0.31,"Ideal","G","SI2",62,55,254.541,4.34,4.37,2.7
"Round",0.72,"Ideal","J","SI1",62.3,55,1402.254,5.73,5.76,3.58
"Round",0.7,"Good","F","VS2",62.6,61,1686.741,5.56,5.62,3.5
"Round",1.51,"Very Good","H","VS1",61.5,54,6539.295,7.34,7.42,4.54
"Round",1.01,"Very Good","F","VS2",62.7,56,4009.509,6.37,6.43,4.01
"Round",1.01,"Ideal","G","VS1",62.4,56,4422.894,6.44,6.39,4
"Round",1.01,"Very Good","E","VS2",60.9,57,4165.749,6.41,6.47,3.92
"Round",0.56,"Ideal","E","VS1",61.7,57,1350.825,5.3,5.32,3.27
"Round",0.34,"Very Good","H","VS2",63.2,55,448.539,4.5,4.46,2.83
"Round",1.7,"Premium","G","SI1",61.7,58,8629.656,7.69,7.6,4.72
"Round",0.4,"Good","D","SI2",63.9,53,519.498,4.71,4.68,3
"Round",0.32,"Ideal","G","IF",61.3,56,597.618,4.4,4.44,2.71
"Round",2.01,"Good","I","SI2",59.1,59,8439.564,8.09,8.14,4.8
"Round",0.79,"Ideal","G","SI1",61.8,56,1842.981,5.93,5.91,3.66
"Round",0.71,"Very Good","E","VVS1",57.9,61,2543.457,5.88,5.96,3.43
"Round",1.2,"Very Good","H","SI2",62.9,56,3422.307,6.74,6.77,4.25
"Round",0.5,"Fair","F","I1",69.8,55,380.184,4.89,4.8,3.38
"Round",1.26,"Ideal","G","VVS1",61.1,57,7022.337,7.02,6.98,4.28
"Round",0.71,"Very Good","H","SI1",61.2,56,1351.476,5.69,5.72,3.49
"Round",0.5,"Premium","E","VS2",61.3,59,1136.646,5.1,5.05,3.11
"Round",0.51,"Ideal","G","VS1",62.1,55,1159.431,5.17,5.14,3.2
"Round",0.79,"Ideal","I","VS2",60.9,56,2415.21,5.97,5.99,3.64
"Round",0.72,"Ideal","E","SI2",61.8,55,1502.508,5.77,5.75,3.56
"Round",1.01,"Very Good","E","VVS1",63.6,55,7156.443,6.35,6.39,4.05
"Round",1.52,"Premium","J","VS1",62.4,59,5375.958,7.36,7.31,4.58
"Round",0.33,"Ideal","F","IF",62.2,53,632.121,4.47,4.5,2.79
"Round",0.7,"Good","E","SI1",63.2,57,1624.896,5.61,5.63,3.55
"Round",1.52,"Premium","G","VS2",62,58,8777.433,7.33,7.39,4.56
"Round",0.5,"Ideal","H","SI1",61.8,56,673.785,5.1,5.12,3.16
"Round",0.81,"Ideal","H","VS2",61.6,56,2007.684,6.03,5.98,3.7
"Round",2.56,"Premium","J","SI1",61.4,58,11188.086,8.76,8.73,5.37
"Round",0.29,"Ideal","G","SI1",62.1,54,273.42,4.25,4.29,2.65
"Round",0.3,"Ideal","F","SI1",62.3,54,325.5,4.27,4.3,2.67
"Round",2.01,"Ideal","F","SI2",62.9,56,8593.851,8.05,7.9,5.02
"Round",0.3,"Ideal","D","SI1",61,54,359.352,4.34,4.35,2.65
"Round",0.33,"Ideal","E","VS2",61.8,55,470.673,4.45,4.48,2.76
"Round",1.26,"Ideal","I","VS2",62.6,55,4133.85,6.96,6.91,4.34
"Round",0.33,"Premium","D","SI2",59.5,59,410.781,4.5,4.48,2.67
"Round",0.41,"Good","E","VVS1",64.3,54,623.007,4.68,4.72,3.02
"Round",1.09,"Ideal","E","SI2",61.9,55,3337.677,6.64,6.6,4.1
"Round",0.91,"Premium","E","SI1",61.5,60,2546.061,6.19,6.24,3.82
"Round",0.3,"Good","J","SI1",63.4,54,228.501,4.23,4.29,2.7
"Round",0.59,"Ideal","E","SI1",61.1,56,1165.29,5.38,5.44,3.31
"Round",0.4,"Ideal","G","VVS1",62.6,57,647.745,4.66,4.73,2.94
"Round",0.71,"Premium","G","VS2",60.3,59,1590.393,5.79,5.76,3.48
"Round",0.3,"Ideal","F","VS2",60.7,57,393.855,4.29,4.34,2.62
"Round",1.07,"Very Good","G","SI2",62.9,59,2812.971,6.51,6.58,4.12
"Round",0.9,"Good","F","VS2",63.1,57,2844.87,6.13,6.16,3.88
"Round",1.06,"Premium","E","SI1",58.5,60,3672.942,6.81,6.7,3.95
"Round",0.74,"Ideal","J","VS1",61.6,57,1402.254,5.77,5.83,3.57
"Round",0.91,"Ideal","E","SI1",61.9,55,3009.573,6.18,6.22,3.84
"Round",0.72,"Very Good","I","SI2",63.4,56,1241.457,5.67,5.72,3.61
"Round",1.74,"Premium","H","SI2",59.9,59,7078.974,7.88,7.8,4.7
"Round",1.24,"Very Good","I","VS2",60,58,3993.234,6.98,7.03,4.2
"Round",1.6,"Ideal","G","VS2",62.2,55,9422.574,7.5,7.46,4.65
"Round",0.3,"Ideal","G","SI1",62.8,56,373.674,4.32,4.28,2.7
"Round",0.35,"Premium","F","VS2",61.4,59,589.806,4.56,4.53,2.79
"Round",0.55,"Ideal","H","VS1",61.2,56,1097.586,5.26,5.3,3.23
"Round",0.35,"Ideal","H","IF",60.9,57,669.228,4.58,4.6,2.8
"Round",2.01,"Very Good","G","SI1",59.1,57,11768.127,8.16,8.23,4.84
"Round",0.3,"Very Good","J","VS2",62.2,57,232.407,4.28,4.3,2.67
"Round",0.31,"Ideal","F","IF",62,56,637.329,4.32,4.36,2.69
"Round",0.37,"Premium","F","SI1",61.6,59,514.941,4.67,4.62,2.86
"Round",1,"Good","F","SI2",59.4,64,2121.609,6.52,6.48,3.86
"Round",0.28,"Very Good","H","VVS2",62.7,54,339.822,4.16,4.19,2.61
"Round",0.41,"Premium","G","VVS2",61.6,58,655.557,4.74,4.8,2.94
"Round",0.56,"Premium","E","SI2",62.6,59,785.106,5.2,5.24,3.27
"Round",0.31,"Ideal","E","VS2",61.8,56,442.68,4.34,4.36,2.69
"Round",0.3,"Premium","G","VVS1",61.8,59,659.463,4.33,4.28,2.66
"Round",0.3,"Ideal","E","VS2",61.5,55,549.444,4.33,4.29,2.65
"Round",0.33,"Very Good","J","VS1",61.5,61,282.534,4.39,4.46,2.72
"Round",0.32,"Ideal","D","VS2",61.9,55,593.712,4.43,4.45,2.75
"Round",1.13,"Ideal","G","SI2",61.3,57,3067.512,6.73,6.67,4.11
"Round",1.24,"Ideal","F","SI2",60,56,3255,7.03,7,4.21
"Round",0.58,"Premium","G","VS1",61.5,58,1291.584,5.41,5.35,3.31
"Round",0.38,"Premium","E","VS1",60.2,58,651,4.66,4.71,2.82
"Round",0.41,"Ideal","J","VS1",61.3,57,421.848,4.81,4.84,2.96
"Round",0.4,"Ideal","I","IF",62.4,54,596.967,4.73,4.75,2.96
"Round",0.7,"Ideal","D","SI1",59.7,58,1837.122,5.82,5.77,3.46
"Round",0.76,"Ideal","D","VS2",61.2,57,2202.984,5.91,5.89,3.61
"Round",0.74,"Ideal","H","SI2",61.4,56,1490.139,5.78,5.84,3.57
"Round",0.25,"Premium","H","VVS1",59.8,59,375.627,4.09,4.07,2.44
"Round",0.29,"Very Good","H","VVS2",61.2,56,352.191,4.26,4.29,2.61
"Round",1.02,"Ideal","I","SI1",61.9,55,2592.933,6.43,6.46,3.99
"Round",0.22,"Premium","E","VS2",61.6,58,263.004,3.93,3.89,2.41
"Round",1,"Ideal","E","VS2",62,55,3933.993,6.42,6.38,3.97
"Round",0.9,"Very Good","H","VS1",62.3,59,2989.392,6.12,6.17,3.83
"Round",1.9,"Premium","J","SI1",61.9,57,7086.135,7.98,7.95,4.93
"Round",1.33,"Premium","E","SI2",62.5,58,4615.59,7.03,6.99,4.38
"Round",2.01,"Premium","J","SI1",60.5,59,8261.19,8.12,8.01,4.88
"Round",0.41,"Very Good","G","SI1",62.7,55,468.069,4.77,4.8,3
"Round",1.05,"Premium","F","SI1",60.3,60,3617.607,6.66,6.54,3.98
"Round",0.55,"Very Good","D","VS2",60.4,59,1142.505,5.29,5.34,3.21
"Round",0.9,"Good","G","SI1",63.7,60,2430.834,6.07,6.11,3.88
"Round",0.42,"Premium","G","VS2",62,58,707.637,4.81,4.77,2.97
"Round",0.67,"Premium","F","SI1",61.3,59,1177.659,5.65,5.63,3.46
"Round",0.93,"Good","J","VS2",63.6,61,1953,6.16,6.08,3.89
"Round",0.54,"Ideal","E","VS2",61.6,56,1154.874,5.24,5.28,3.24
"Round",1.2,"Ideal","H","VS2",62,56,4339.566,6.86,6.81,4.24
"Round",0.57,"Ideal","F","SI1",62.2,55,896.427,5.32,5.36,3.32
"Round",0.77,"Premium","G","SI1",61.6,59,1729.707,5.9,5.85,3.62
"Round",0.24,"Good","E","VS2",63,59,246.078,3.96,4.01,2.51
"Round",0.68,"Very Good","E","SI2",63.1,54.5,1185.471,5.61,5.64,3.55
"Round",0.81,"Ideal","F","VS1",61.8,55,2779.77,5.97,6.03,3.71
"Round",0.75,"Ideal","E","VS2",60.2,57,2077.992,5.93,5.9,3.56
"Round",1.79,"Premium","G","VS1",61.7,59,11990.769,7.85,7.74,4.81
"Round",1.4,"Ideal","G","VS2",61.7,56,6712.461,7.2,7.25,4.46
"Round",0.5,"Ideal","H","SI1",59.2,62,755.16,5.17,5.2,3.07
"Round",0.54,"Ideal","G","IF",61.6,57,1537.011,5.22,5.27,3.23
"Round",1.01,"Premium","D","SI2",60.4,60,3055.794,6.52,6.46,3.92
"Round",0.34,"Ideal","E","VS2",62.2,55,622.356,4.49,4.48,2.79
"Round",1.52,"Premium","G","VS2",62.7,58,8649.837,7.38,7.29,4.6
"Round",1.53,"Ideal","I","VS2",61.8,57,6414.303,7.44,7.39,4.58
"Round",0.33,"Ideal","E","VVS1",61.5,57,640.584,4.44,4.47,2.74
"Round",1,"Ideal","H","VVS1",61.5,59,4254.285,6.37,6.41,3.93
"Round",1.3,"Ideal","G","SI1",61.6,55,5478.816,7.01,7.05,4.33
"Round",1.12,"Ideal","D","SI2",62.6,57,3551.856,6.61,6.65,4.15
"Round",0.8,"Very Good","E","SI1",63.1,56,1985.55,5.93,5.83,3.71
"Round",0.3,"Premium","G","VVS2",60.6,58,571.578,4.36,4.35,2.64
"Round",0.71,"Very Good","E","SI2",61.9,63,1546.125,5.74,5.69,3.54
"Round",2.11,"Premium","J","SI1",62.4,58,9111.396,8.27,8.17,5.13
"Round",0.65,"Ideal","G","VVS1",61.9,56,2114.448,5.56,5.59,3.45
"Round",1,"Ideal","F","VS2",62.1,57,3859.779,6.34,6.38,3.95
"Round",0.38,"Ideal","F","VVS1",61.5,56,729.12,4.68,4.71,2.88
"Round",0.32,"Premium","G","VS1",61.7,58,419.895,4.38,4.41,2.71
"Round",1.59,"Very Good","I","VS2",60.5,63,6579.006,7.52,7.45,4.53
"Round",1.51,"Ideal","J","SI1",61.4,57,5239.899,7.38,7.43,4.55
"Round",0.5,"Ideal","F","SI1",62.7,56,837.186,5.12,5.05,3.19
"Round",0.41,"Ideal","E","SI1",62.9,56,630.819,4.76,4.72,2.98
"Round",0.7,"Ideal","F","VS2",62,57,1650.285,5.71,5.67,3.53
"Round",1.5,"Premium","F","VS1",62.2,60,10225.908,7.27,7.3,4.53
"Round",2.08,"Ideal","J","IF",61,55,11708.886,8.32,8.25,5.05
"Round",1.38,"Ideal","G","SI2",61.4,55,4618.194,7.2,7.17,4.41
"Round",1.47,"Premium","F","SI2",61.6,60,5412.414,7.38,7.33,4.53
"Round",1.02,"Very Good","E","VVS1",62.6,56,6183.198,6.35,6.5,4.02
"Round",1,"Very Good","F","VVS2",62.9,55,5569.305,6.29,6.36,3.98
"Round",0.91,"Good","E","I1",57.7,63,1448.475,6.3,6.35,3.65
"Round",0.5,"Fair","G","VVS2",64.9,58,1114.512,5,4.95,3.23
"Round",0.4,"Ideal","I","SI1",62.2,55,425.754,4.72,4.77,2.95
"Round",0.59,"Ideal","D","IF",60.7,58,2708.811,5.45,5.49,3.32
"Round",0.4,"Very Good","G","VS1",61.8,58,535.122,4.69,4.72,2.91
"Round",0.31,"Premium","H","IF",60.8,59,481.089,4.36,4.39,2.66
"Round",0.55,"Premium","D","SI1",61.2,58,1184.169,5.29,5.24,3.22
"Round",1.25,"Ideal","E","SI2",62.3,57,4342.17,6.83,6.88,4.27
"Round",0.63,"Premium","E","VVS1",60.9,60,1800.015,5.52,5.55,3.37
"Round",1.02,"Ideal","H","SI2",60.5,60,2750.475,6.56,6.53,3.96
"Round",0.42,"Ideal","H","IF",61,56,738.885,4.79,4.82,2.93
"Round",1.02,"Good","E","VS2",63.2,60,4206.762,6.29,6.34,3.99
"Round",1,"Very Good","G","VS2",62.4,58,4198.299,6.31,6.38,3.96
"Round",1.24,"Ideal","G","VVS2",61.2,56,6094.662,6.88,6.92,4.22
"Round",0.3,"Ideal","F","VS2",62,54,393.855,4.31,4.34,2.68
"Round",0.9,"Premium","G","SI1",62,61,2388.519,6.13,6.07,3.78
"Round",0.35,"Ideal","F","VS2",60.8,57,459.606,4.52,4.56,2.76
"Round",0.56,"Ideal","D","SI1",60.5,57,1180.914,5.36,5.31,3.23
"Round",1.25,"Premium","I","VS1",60.4,59,4260.795,6.94,7.01,4.21
"Round",0.37,"Ideal","F","VVS2",61.6,57,598.92,4.59,4.63,2.84
"Round",0.53,"Ideal","E","VVS2",62.9,54,1478.421,5.19,5.15,3.25
"Round",0.5,"Good","G","IF",64,55,1286.376,5.05,5.08,3.24
"Round",0.41,"Very Good","J","VS1",61.8,56,451.143,4.75,4.79,2.95
"Round",1.52,"Ideal","F","SI1",62.3,55.1,7793.121,7.29,7.39,4.58
"Round",0.36,"Ideal","G","VS2",60.6,56,432.264,4.62,4.67,2.81
"Round",0.83,"Premium","J","SI2",59.1,60,1458.891,6.13,6.12,3.62
"Round",0.4,"Good","H","SI2",63.7,59,365.211,4.64,4.69,2.97
"Round",1.02,"Very Good","F","SI1",62.8,55,3450.951,6.4,6.43,4.03
"Round",1.28,"Good","H","SI2",56.8,62,2659.986,7.22,7.16,4.08
"Round",0.31,"Good","D","SI2",63.9,57,300.762,4.28,4.33,2.75
"Round",1.21,"Premium","J","SI1",62.7,57,2858.541,6.77,6.72,4.23
"Round",0.5,"Ideal","E","SI2",62.5,57,807.24,5.07,5.04,3.16
"Round",1.44,"Very Good","D","VS2",63.1,56,7139.517,7.15,7.12,4.5
"Round",1.14,"Very Good","G","VS2",63.2,58,4428.753,6.67,6.63,4.2
"Round",0.7,"Very Good","G","VS1",60,56,1784.391,5.77,5.83,3.48
"Round",0.5,"Ideal","F","VVS2",61.6,56,1335.852,5.08,5.11,3.14
"Round",0.31,"Ideal","F","VS2",61.6,55,492.807,4.38,4.39,2.7
"Round",0.71,"Very Good","E","SI2",61.9,63,1468.656,5.69,5.74,3.54
"Round",0.32,"Premium","E","VS2",61.2,59,585.9,4.43,4.4,2.7
"Round",0.5,"Ideal","I","SI1",61.9,58,639.282,5.06,5.09,3.14
"Round",0.51,"Ideal","F","SI2",62.7,57,680.946,5.08,5.1,3.19
"Round",0.56,"Ideal","H","VVS1",62.3,55,1163.337,5.26,5.3,3.29
"Round",0.53,"Premium","H","VS1",62.3,58,1046.157,5.17,5.13,3.21
"Round",0.4,"Good","D","VS2",63.2,57,511.686,4.65,4.71,2.96
"Round",0.34,"Ideal","G","VS2",61.6,56,373.023,4.48,4.51,2.77
"Round",0.44,"Ideal","E","VVS2",60.7,57,868.434,4.92,4.9,2.98
"Round",1,"Premium","G","VS1",59.2,60,3980.865,6.6,6.54,3.89
"Round",0.33,"Premium","E","SI1",61.1,58,483.693,4.47,4.43,2.72
"Round",0.8,"Premium","F","SI2",61.4,58,1592.997,5.95,5.93,3.65
"Round",0.71,"Fair","F","SI2",60.1,68,1514.877,5.8,5.72,3.46
"Round",1.5,"Ideal","G","VS1",61.8,56,8708.427,7.38,7.31,4.54
"Round",0.41,"Premium","D","VS2",62.4,60,700.476,4.75,4.71,2.95
"Round",0.91,"Premium","D","SI2",62.2,59,2637.201,6.23,6.19,3.86
"Round",0.3,"Very Good","G","VS1",62.5,59,409.479,4.32,4.25,2.68
"Round",1.35,"Premium","G","SI2",58.4,59,4166.4,7.32,7.28,4.26
"Round",2,"Very Good","J","VS2",60.7,60,8815.842,8.05,8.17,4.92
"Round",0.92,"Good","D","SI2",63.9,55,2549.316,6.14,6.09,3.91
"Round",1.21,"Premium","J","VS1",59.5,60,3616.956,6.99,6.9,4.13
"Round",0.58,"Ideal","H","VVS1",62.1,53.6,1276.611,5.35,5.38,3.34
"Round",1.31,"Premium","H","VS2",59.8,58,5033.532,7.19,7.09,4.27
"Round",0.81,"Ideal","E","SI2",61.4,57,1740.123,6,5.97,3.68
"Round",0.25,"Ideal","H","VVS1",62.5,56,375.627,4.06,4.03,2.53
"Round",1,"Premium","I","SI2",61.6,59,2416.512,6.34,6.41,3.93
"Round",0.64,"Fair","E","SI1",59.5,64,1128.183,5.65,5.39,3.31
"Round",0.75,"Ideal","G","VS2",61.6,55,2000.523,5.86,5.89,3.62
"Round",1.27,"Very Good","J","SI1",63.2,55,3690.519,6.89,6.87,4.35
"Round",1.01,"Good","F","SI1",63.5,57,2961.399,6.29,6.33,4.01
"Round",1.52,"Premium","H","VS1",58.4,59,7716.303,7.55,7.52,4.4
"Round",1.02,"Premium","G","SI2",62.9,59,2844.87,6.4,6.38,4.02
"Round",0.3,"Very Good","G","SI1",61,57,290.997,4.31,4.34,2.64
"Round",0.34,"Premium","E","VS2",60.9,60,484.995,4.49,4.51,2.74
"Round",0.63,"Ideal","D","SI1",62,56,1505.763,5.5,5.47,3.4
"Round",0.52,"Very Good","F","VS2",63.9,57,1009.05,5.08,5.12,3.26
"Round",0.71,"Very Good","D","SI1",59.4,59,1929.564,5.78,5.81,3.44
"Round",1.23,"Ideal","F","VS2",62.4,54,6732.642,6.84,6.87,4.28
"Round",0.53,"Good","F","VS1",64.2,56,1098.888,5.11,5.14,3.29
"Round",0.4,"Good","E","SI2",63.5,56,404.922,4.68,4.71,2.98
"Round",2.01,"Fair","G","SI2",63.8,59,9634.149,7.77,7.87,4.99
"Round",0.3,"Ideal","H","VS2",62.1,55,319.641,4.33,4.36,2.7
"Round",0.83,"Ideal","F","SI2",59.5,57,1553.286,6.13,6.1,3.64
"Round",0.91,"Premium","F","VVS2",63,56,3715.908,6.17,6.12,3.87
"Round",1.01,"Good","D","SI2",64.5,58,2998.506,6.18,6.26,4.01
"Round",0.32,"Premium","D","SI1",58.9,60,492.156,4.49,4.47,2.64
